"","modelType","seed","nCellType","nSample","Batch","CancerType","pooled_scSTMseq"
"1","1730495655","scSTM",5,20,FALSE,FALSE,1
"2","1730495655","scSTM",5,20,FALSE,FALSE,1
"3","1730495655","scSTM",5,20,FALSE,FALSE,1
"4","1730495655","scSTM",5,20,FALSE,FALSE,1
"5","1730495655","scSTM",5,20,FALSE,FALSE,1
"6","NullModel","1730495655",5,20,FALSE,FALSE,1
"7","1730495767","scSTM",5,20,FALSE,FALSE,1
"8","1730495767","scSTM",5,20,FALSE,FALSE,1
"9","1730495767","scSTM",5,20,FALSE,FALSE,1
"10","1730495767","scSTM",5,20,FALSE,FALSE,1
"11","1730495767","scSTM",5,20,FALSE,FALSE,1
"12","NullModel","1730495767",5,20,FALSE,FALSE,1
"13","1730495919","scSTM",5,20,FALSE,FALSE,1
"14","1730495919","scSTM",5,20,FALSE,FALSE,1
"15","1730495919","scSTM",5,20,FALSE,FALSE,1
"16","1730495919","scSTM",5,20,FALSE,FALSE,1
"17","1730495919","scSTM",5,20,FALSE,FALSE,1
"18","NullModel","1730495919",5,20,FALSE,FALSE,1
"19","1730495936","scSTM",5,20,FALSE,FALSE,1
"20","1730495936","scSTM",5,20,FALSE,FALSE,1
"21","1730495936","scSTM",5,20,FALSE,FALSE,1
"22","1730495936","scSTM",5,20,FALSE,FALSE,1
"23","1730495936","scSTM",5,20,FALSE,FALSE,1
"24","NullModel","1730495936",5,20,FALSE,FALSE,1
"25","1730495949","scSTM",5,20,FALSE,FALSE,1
"26","1730495949","scSTM",5,20,FALSE,FALSE,1
"27","1730495949","scSTM",5,20,FALSE,FALSE,1
"28","1730495949","scSTM",5,20,FALSE,FALSE,1
"29","1730495949","scSTM",5,20,FALSE,FALSE,1
"30","NullModel","1730495949",5,20,FALSE,FALSE,1
"31","1730495954","scSTM",5,20,FALSE,FALSE,1
"32","1730495954","scSTM",5,20,FALSE,FALSE,1
"33","1730495954","scSTM",5,20,FALSE,FALSE,1
"34","1730495954","scSTM",5,20,FALSE,FALSE,1
"35","1730495954","scSTM",5,20,FALSE,FALSE,1
"36","NullModel","1730495954",5,20,FALSE,FALSE,1
"37","1730496332","scSTM",5,20,FALSE,FALSE,1
"38","1730496332","scSTM",5,20,FALSE,FALSE,1
"39","1730496332","scSTM",5,20,FALSE,FALSE,1
"40","1730496332","scSTM",5,20,FALSE,FALSE,1
"41","1730496332","scSTM",5,20,FALSE,FALSE,1
"42","NullModel","1730496332",5,20,FALSE,FALSE,1
"43","1730496458","scSTM",5,20,FALSE,FALSE,1
"44","1730496458","scSTM",5,20,FALSE,FALSE,1
"45","1730496458","scSTM",5,20,FALSE,FALSE,1
"46","1730496458","scSTM",5,20,FALSE,FALSE,1
"47","1730496458","scSTM",5,20,FALSE,FALSE,1
"48","NullModel","1730496458",5,20,FALSE,FALSE,1
"49","1730496542","scSTM",5,20,FALSE,FALSE,1
"50","1730496542","scSTM",5,20,FALSE,FALSE,1
"51","1730496542","scSTM",5,20,FALSE,FALSE,1
"52","1730496542","scSTM",5,20,FALSE,FALSE,1
"53","1730496542","scSTM",5,20,FALSE,FALSE,1
"54","NullModel","1730496542",5,20,FALSE,FALSE,1
"55","1730496617","scSTM",5,20,FALSE,FALSE,1
"56","1730496617","scSTM",5,20,FALSE,FALSE,1
"57","1730496617","scSTM",5,20,FALSE,FALSE,1
"58","1730496617","scSTM",5,20,FALSE,FALSE,1
"59","1730496617","scSTM",5,20,FALSE,FALSE,1
"60","NullModel","1730496617",5,20,FALSE,FALSE,1
"61","1730496626","scSTM",5,20,FALSE,FALSE,1
"62","1730496626","scSTM",5,20,FALSE,FALSE,1
"63","1730496626","scSTM",5,20,FALSE,FALSE,1
"64","1730496626","scSTM",5,20,FALSE,FALSE,1
"65","1730496626","scSTM",5,20,FALSE,FALSE,1
"66","NullModel","1730496626",5,20,FALSE,FALSE,1
"67","1730496639","scSTM",5,20,FALSE,FALSE,1
"68","1730496639","scSTM",5,20,FALSE,FALSE,1
"69","1730496639","scSTM",5,20,FALSE,FALSE,1
"70","1730496639","scSTM",5,20,FALSE,FALSE,1
"71","1730496639","scSTM",5,20,FALSE,FALSE,1
"72","NullModel","1730496639",5,20,FALSE,FALSE,1
"73","1730496677","scSTM",5,20,FALSE,FALSE,1
"74","1730496677","scSTM",5,20,FALSE,FALSE,1
"75","1730496677","scSTM",5,20,FALSE,FALSE,1
"76","1730496677","scSTM",5,20,FALSE,FALSE,1
"77","1730496677","scSTM",5,20,FALSE,FALSE,1
"78","NullModel","1730496677",5,20,FALSE,FALSE,1
"79","1730496686","scSTM",5,20,FALSE,FALSE,1
"80","1730496686","scSTM",5,20,FALSE,FALSE,1
"81","1730496686","scSTM",5,20,FALSE,FALSE,1
"82","1730496686","scSTM",5,20,FALSE,FALSE,1
"83","1730496686","scSTM",5,20,FALSE,FALSE,1
"84","NullModel","1730496686",5,20,FALSE,FALSE,1
"85","1730496706","scSTM",5,20,FALSE,FALSE,1
"86","1730496706","scSTM",5,20,FALSE,FALSE,1
"87","1730496706","scSTM",5,20,FALSE,FALSE,1
"88","1730496706","scSTM",5,20,FALSE,FALSE,1
"89","1730496706","scSTM",5,20,FALSE,FALSE,1
"90","NullModel","1730496706",5,20,FALSE,FALSE,1
"91","1730497055","scSTM",5,20,FALSE,FALSE,1
"92","1730497055","scSTM",5,20,FALSE,FALSE,1
"93","1730497055","scSTM",5,20,FALSE,FALSE,1
"94","1730497055","scSTM",5,20,FALSE,FALSE,1
"95","1730497055","scSTM",5,20,FALSE,FALSE,1
"96","NullModel","1730497055",5,20,FALSE,FALSE,1
"97","1730497093","scSTM",5,20,FALSE,FALSE,1
"98","1730497093","scSTM",5,20,FALSE,FALSE,1
"99","1730497093","scSTM",5,20,FALSE,FALSE,1
"100","1730497093","scSTM",5,20,FALSE,FALSE,1
"101","NullModel","1730498180",5,20,FALSE,FALSE,1
"102","NullModel","1730498188",5,20,FALSE,FALSE,1
"103","NullModel","1730498190",5,20,FALSE,FALSE,1
"104","NullModel","1730498225",5,20,FALSE,FALSE,1
"105","NullModel","1730498383",5,20,FALSE,FALSE,1
"106","NullModel","1730498445",5,20,FALSE,FALSE,1
"107","NullModel","1730498459",5,20,FALSE,FALSE,1
"108","NullModel","1730498468",5,20,FALSE,FALSE,1
"109","NullModel","1730498500",5,20,FALSE,FALSE,1
"110","NullModel","1730498508",5,20,FALSE,FALSE,1
"111","NullModel","1730498517",5,20,FALSE,FALSE,1
"112","NullModel","1730498520",5,20,FALSE,FALSE,1
"113","NullModel","1730498527",5,20,FALSE,FALSE,1
"114","NullModel","1730498530",5,20,FALSE,FALSE,1
"115","NullModel","1730498536",5,20,FALSE,FALSE,1
"116","NullModel","1730498544",5,20,FALSE,FALSE,1
"117","NullModel","1730498595",5,20,FALSE,FALSE,1
"118","NullModel","1730498603",5,20,FALSE,FALSE,1
"119","NullModel","1730498622",5,20,FALSE,FALSE,1
"120","NullModel","1730498623",5,20,FALSE,FALSE,1
"121","NullModel","1730498633",5,20,FALSE,FALSE,1
"122","NullModel","1730498667",5,20,FALSE,FALSE,1
"123","NullModel","1730498760",5,20,FALSE,FALSE,1
"124","NullModel","1730498797",5,20,FALSE,FALSE,1
"125","NullModel","1730498799",5,20,FALSE,FALSE,1
"126","NullModel","1730498830",5,20,FALSE,FALSE,1
"127","NullModel","1730498840",5,20,FALSE,FALSE,1
"128","NullModel","1730498843",5,20,FALSE,FALSE,1
"129","NullModel","1730498848",5,20,FALSE,FALSE,1
"130","NullModel","1730498931",5,20,FALSE,FALSE,1
"131","NullModel","1730498990",5,20,FALSE,FALSE,1
"132","NullModel","1730499004",5,20,FALSE,FALSE,1
"133","NullModel","1730499005",5,20,FALSE,FALSE,1
"134","NullModel","1730499008",5,20,FALSE,FALSE,1
"135","NullModel","1730499022",5,20,FALSE,FALSE,1
"136","NullModel","1730499033",5,20,FALSE,FALSE,1
"137","NullModel","1730499068",5,20,FALSE,FALSE,1
"138","NullModel","1730499069",5,20,FALSE,FALSE,1
"139","NullModel","1730499071",5,20,FALSE,FALSE,1
"140","NullModel","1730499077",5,20,FALSE,FALSE,1
"141","NullModel","1730499083",5,20,FALSE,FALSE,1
"142","NullModel","1730499137",5,20,FALSE,FALSE,1
"143","NullModel","1730499142",5,20,FALSE,FALSE,1
"144","NullModel","1730499159",5,20,FALSE,FALSE,1
"145","NullModel","1730499160",5,20,FALSE,FALSE,1
"146","NullModel","1730499172",5,20,FALSE,FALSE,1
"147","NullModel","1730499177",5,20,FALSE,FALSE,1
"148","NullModel","1730499191",5,20,FALSE,FALSE,1
"149","NullModel","1730499240",5,20,FALSE,FALSE,1
"150","NullModel","1730499317",5,20,FALSE,FALSE,1
"151","NullModel","1730499319",5,20,FALSE,FALSE,1
"152","NullModel","1730499361",5,20,FALSE,FALSE,1
"153","NullModel","1730499369",5,20,FALSE,FALSE,1
"154","NullModel","1730499373",5,20,FALSE,FALSE,1
"155","NullModel","1730499398",5,20,FALSE,FALSE,1
"156","NullModel","1730499401",5,20,FALSE,FALSE,1
"157","NullModel","1730499420",5,20,FALSE,FALSE,1
"158","NullModel","1730499448",5,20,FALSE,FALSE,1
"159","NullModel","1730499477",5,20,FALSE,FALSE,1
"160","NullModel","1730499522",5,20,FALSE,FALSE,1
"161","NullModel","1730499532",5,20,FALSE,FALSE,1
"162","NullModel","1730499626",5,20,FALSE,FALSE,1
"163","NullModel","1730499654",5,20,FALSE,FALSE,1
"164","NullModel","1730499657",5,20,FALSE,FALSE,1
"165","NullModel","1730499747",5,20,FALSE,FALSE,1
"166","NullModel","1730499784",5,20,FALSE,FALSE,1
"167","NullModel","1730499809",5,20,FALSE,FALSE,1
"168","NullModel","1730499820",5,20,FALSE,FALSE,1
"169","NullModel","1730499855",5,20,FALSE,FALSE,1
"170","NullModel","1730499859",5,20,FALSE,FALSE,1
"171","NullModel","1730499885",5,20,FALSE,FALSE,1
"172","NullModel","1730499906",5,20,FALSE,FALSE,1
"173","NullModel","1730499927",5,20,FALSE,FALSE,1
"174","NullModel","1730499935",5,20,FALSE,FALSE,1
"175","NullModel","1730499949",5,20,FALSE,FALSE,1
"176","NullModel","1730499984",5,20,FALSE,FALSE,1
"177","NullModel","1730499996",5,20,FALSE,FALSE,1
"178","NullModel","1730500005",5,20,FALSE,FALSE,1
"179","NullModel","1730500029",5,20,FALSE,FALSE,1
"180","NullModel","1730500109",5,20,FALSE,FALSE,1
"181","NullModel","1730500112",5,20,FALSE,FALSE,1
"182","NullModel","1730500115",5,20,FALSE,FALSE,1
"183","NullModel","1730500118",5,20,FALSE,FALSE,1
"184","NullModel","1730500171",5,20,FALSE,FALSE,1
"185","NullModel","1730500172",5,20,FALSE,FALSE,1
"186","NullModel","1730500186",5,20,FALSE,FALSE,1
"187","NullModel","1730500190",5,20,FALSE,FALSE,1
"188","NullModel","1730500234",5,20,FALSE,FALSE,1
"189","NullModel","1730500270",5,20,FALSE,FALSE,1
"190","NullModel","1730500295",5,20,FALSE,FALSE,1
"191","NullModel","1730500300",5,20,FALSE,FALSE,1
"192","NullModel","1730500330",5,20,FALSE,FALSE,1
"193","NullModel","1730500342",5,20,FALSE,FALSE,1
"194","NullModel","1730500365",5,20,FALSE,FALSE,1
"195","NullModel","1730500403",5,20,FALSE,FALSE,1
"196","NullModel","1730500425",5,20,FALSE,FALSE,1
"197","NullModel","1730500432",5,20,FALSE,FALSE,1
"198","NullModel","1730500433",5,20,FALSE,FALSE,1
"199","NullModel","1730500455",5,20,FALSE,FALSE,1
"200","NullModel","1730500471",5,20,FALSE,FALSE,1
"201","NullModel","1730500490",5,20,FALSE,FALSE,1
"202","NullModel","1730500537",5,20,FALSE,FALSE,1
"203","NullModel","1730500570",5,20,FALSE,FALSE,1
"204","NullModel","1730500574",5,20,FALSE,FALSE,1
"205","NullModel","1730500619",5,20,FALSE,FALSE,1
"206","NullModel","1730500627",5,20,FALSE,FALSE,1
"207","NullModel","1730500644",5,20,FALSE,FALSE,1
"208","NullModel","1730500648",5,20,FALSE,FALSE,1
"209","NullModel","1730500718",5,20,FALSE,FALSE,1
"210","NullModel","1730500771",5,20,FALSE,FALSE,1
"211","NullModel","1730500772",5,20,FALSE,FALSE,1
"212","NullModel","1730500778",5,20,FALSE,FALSE,1
"213","NullModel","1730500816",5,20,FALSE,FALSE,1
"214","NullModel","1730500829",5,20,FALSE,FALSE,1
"215","NullModel","1730500849",5,20,FALSE,FALSE,1
"216","NullModel","1730500880",5,20,FALSE,FALSE,1
"217","NullModel","1730500927",5,20,FALSE,FALSE,1
"218","NullModel","1730500936",5,20,FALSE,FALSE,1
"219","NullModel","1730500946",5,20,FALSE,FALSE,1
"220","NullModel","1730500956",5,20,FALSE,FALSE,1
"221","NullModel","1730500972",5,20,FALSE,FALSE,1
"222","NullModel","1730501000",5,20,FALSE,FALSE,1
"223","NullModel","1730501031",5,20,FALSE,FALSE,1
"224","NullModel","1730501066",5,20,FALSE,FALSE,1
"225","NullModel","1730501107",5,20,FALSE,FALSE,1
"226","NullModel","1730501142",5,20,FALSE,FALSE,1
"227","NullModel","1730501172",5,20,FALSE,FALSE,1
"228","NullModel","1730501187",5,20,FALSE,FALSE,1
"229","NullModel","1730501210",5,20,FALSE,FALSE,1
"230","NullModel","1730501219",5,20,FALSE,FALSE,1
"231","NullModel","1730501246",5,20,FALSE,FALSE,1
"232","NullModel","1730501290",5,20,FALSE,FALSE,1
"233","NullModel","1730501337",5,20,FALSE,FALSE,1
"234","NullModel","1730501345",5,20,FALSE,FALSE,1
"235","NullModel","1730501353",5,20,FALSE,FALSE,1
"236","NullModel","1730501355",5,20,FALSE,FALSE,1
"237","NullModel","1730501381",5,20,FALSE,FALSE,1
"238","NullModel","1730501394",5,20,FALSE,FALSE,1
"239","NullModel","1730501399",5,20,FALSE,FALSE,1
"240","NullModel","1730501413",5,20,FALSE,FALSE,1
"241","NullModel","1730501417",5,20,FALSE,FALSE,1
"242","NullModel","1730501427",5,20,FALSE,FALSE,1
"243","NullModel","1730501450",5,20,FALSE,FALSE,1
"244","NullModel","1730501463",5,20,FALSE,FALSE,1
"245","NullModel","1730501473",5,20,FALSE,FALSE,1
"246","NullModel","1730501497",5,20,FALSE,FALSE,1
"247","NullModel","1730501532",5,20,FALSE,FALSE,1
"248","NullModel","1730501538",5,20,FALSE,FALSE,1
"249","NullModel","1730501592",5,20,FALSE,FALSE,1
"250","NullModel","1730501604",5,20,FALSE,FALSE,1
"251","NullModel","1730501608",5,20,FALSE,FALSE,1
"252","NullModel","1730501616",5,20,FALSE,FALSE,1
"253","NullModel","1730501650",5,20,FALSE,FALSE,1
"254","NullModel","1730501655",5,20,FALSE,FALSE,1
"255","NullModel","1730501676",5,20,FALSE,FALSE,1
"256","NullModel","1730501697",5,20,FALSE,FALSE,1
"257","NullModel","1730501760",5,20,FALSE,FALSE,1
"258","NullModel","1730501804",5,20,FALSE,FALSE,1
"259","NullModel","1730501840",5,20,FALSE,FALSE,1
"260","NullModel","1730501907",5,20,FALSE,FALSE,1
"261","NullModel","1730501910",5,20,FALSE,FALSE,1
"262","NullModel","1730501916",5,20,FALSE,FALSE,1
"263","NullModel","1730501918",5,20,FALSE,FALSE,1
"264","NullModel","1730501950",5,20,FALSE,FALSE,1
"265","NullModel","1730501961",5,20,FALSE,FALSE,1
"266","NullModel","1730501968",5,20,FALSE,FALSE,1
"267","NullModel","1730501971",5,20,FALSE,FALSE,1
"268","NullModel","1730501974",5,20,FALSE,FALSE,1
"269","NullModel","1730501975",5,20,FALSE,FALSE,1
"270","NullModel","1730502028",5,20,FALSE,FALSE,1
"271","NullModel","1730502048",5,20,FALSE,FALSE,1
"272","NullModel","1730502142",5,20,FALSE,FALSE,1
"273","NullModel","1730502147",5,20,FALSE,FALSE,1
"274","NullModel","1730502188",5,20,FALSE,FALSE,1
"275","NullModel","1730502214",5,20,FALSE,FALSE,1
"276","NullModel","1730502217",5,20,FALSE,FALSE,1
"277","NullModel","1730502219",5,20,FALSE,FALSE,1
"278","NullModel","1730502253",5,20,FALSE,FALSE,1
"279","NullModel","1730502267",5,20,FALSE,FALSE,1
"280","NullModel","1730502304",5,20,FALSE,FALSE,1
"281","NullModel","1730502336",5,20,FALSE,FALSE,1
"282","NullModel","1730502360",5,20,FALSE,FALSE,1
"283","NullModel","1730502369",5,20,FALSE,FALSE,1
"284","NullModel","1730502409",5,20,FALSE,FALSE,1
"285","NullModel","1730502415",5,20,FALSE,FALSE,1
"286","NullModel","1730502462",5,20,FALSE,FALSE,1
"287","NullModel","1730502498",5,20,FALSE,FALSE,1
"288","NullModel","1730502500",5,20,FALSE,FALSE,1
"289","NullModel","1730502620",5,20,FALSE,FALSE,1
"290","NullModel","1730502649",5,20,FALSE,FALSE,1
"291","NullModel","1730502657",5,20,FALSE,FALSE,1
"292","NullModel","1730502660",5,20,FALSE,FALSE,1
"293","NullModel","1730502703",5,20,FALSE,FALSE,1
"294","NullModel","1730502710",5,20,FALSE,FALSE,1
"295","NullModel","1730502745",5,20,FALSE,FALSE,1
"296","NullModel","1730502761",5,20,FALSE,FALSE,1
"297","NullModel","1730502776",5,20,FALSE,FALSE,1
"298","NullModel","1730502784",5,20,FALSE,FALSE,1
"299","NullModel","1730502870",5,20,FALSE,FALSE,1
"300","NullModel","1730502906",5,20,FALSE,FALSE,1
"301","NullModel","1730502941",5,20,FALSE,FALSE,1
"302","NullModel","1730502995",5,20,FALSE,FALSE,1
"303","NullModel","1730503022",5,20,FALSE,FALSE,1
"304","NullModel","1730503055",5,20,FALSE,FALSE,1
"305","NullModel","1730503079",5,20,FALSE,FALSE,1
"306","NullModel","1730503100",5,20,FALSE,FALSE,1
"307","NullModel","1730503108",5,20,FALSE,FALSE,1
"308","NullModel","1730503110",5,20,FALSE,FALSE,1
"309","NullModel","1730503122",5,20,FALSE,FALSE,1
"310","NullModel","1730503156",5,20,FALSE,FALSE,1
"311","NullModel","1730503158",5,20,FALSE,FALSE,1
"312","NullModel","1730503200",5,20,FALSE,FALSE,1
"313","NullModel","1730503212",5,20,FALSE,FALSE,1
"314","NullModel","1730503221",5,20,FALSE,FALSE,1
"315","NullModel","1730503227",5,20,FALSE,FALSE,1
"316","NullModel","1730503273",5,20,FALSE,FALSE,1
"317","NullModel","1730503277",5,20,FALSE,FALSE,1
"318","NullModel","1730503368",5,20,FALSE,FALSE,1
"319","NullModel","1730503385",5,20,FALSE,FALSE,1
"320","NullModel","1730503422",5,20,FALSE,FALSE,1
"321","NullModel","1730503478",5,20,FALSE,FALSE,1
"322","NullModel","1730503485",5,20,FALSE,FALSE,1
"323","NullModel","1730503489",5,20,FALSE,FALSE,1
"324","NullModel","1730503490",5,20,FALSE,FALSE,1
"325","NullModel","1730503507",5,20,FALSE,FALSE,1
"326","NullModel","1730503540",5,20,FALSE,FALSE,1
"327","NullModel","1730503634",5,20,FALSE,FALSE,1
"328","NullModel","1730503644",5,20,FALSE,FALSE,1
"329","NullModel","1730503664",5,20,FALSE,FALSE,1
"330","NullModel","1730503672",5,20,FALSE,FALSE,1
"331","NullModel","1730503730",5,20,FALSE,FALSE,1
"332","NullModel","1730503775",5,20,FALSE,FALSE,1
"333","NullModel","1730503810",5,20,FALSE,FALSE,1
"334","NullModel","1730503823",5,20,FALSE,FALSE,1
"335","NullModel","1730503886",5,20,FALSE,FALSE,1
"336","NullModel","1730503895",5,20,FALSE,FALSE,1
"337","NullModel","1730503898",5,20,FALSE,FALSE,1
"338","NullModel","1730503900",5,20,FALSE,FALSE,1
"339","NullModel","1730503911",5,20,FALSE,FALSE,1
"340","NullModel","1730503923",5,20,FALSE,FALSE,1
"341","NullModel","1730503944",5,20,FALSE,FALSE,1
"342","NullModel","1730503981",5,20,FALSE,FALSE,1
"343","NullModel","1730503988",5,20,FALSE,FALSE,1
"344","NullModel","1730504001",5,20,FALSE,FALSE,1
"345","NullModel","1730504026",5,20,FALSE,FALSE,1
"346","NullModel","1730504036",5,20,FALSE,FALSE,1
"347","NullModel","1730504053",5,20,FALSE,FALSE,1
"348","NullModel","1730504078",5,20,FALSE,FALSE,1
"349","NullModel","1730504089",5,20,FALSE,FALSE,1
"350","NullModel","1730504136",5,20,FALSE,FALSE,1
"351","NullModel","1730504192",5,20,FALSE,FALSE,1
"352","NullModel","1730504228",5,20,FALSE,FALSE,1
"353","NullModel","1730504253",5,20,FALSE,FALSE,1
"354","NullModel","1730504257",5,20,FALSE,FALSE,1
"355","NullModel","1730504337",5,20,FALSE,FALSE,1
"356","NullModel","1730504357",5,20,FALSE,FALSE,1
"357","NullModel","1730504376",5,20,FALSE,FALSE,1
"358","NullModel","1730504417",5,20,FALSE,FALSE,1
"359","NullModel","1730504430",5,20,FALSE,FALSE,1
"360","NullModel","1730504431",5,20,FALSE,FALSE,1
"361","NullModel","1730504458",5,20,FALSE,FALSE,1
"362","NullModel","1730504483",5,20,FALSE,FALSE,1
"363","NullModel","1730504492",5,20,FALSE,FALSE,1
"364","NullModel","1730504505",5,20,FALSE,FALSE,1
"365","NullModel","1730504509",5,20,FALSE,FALSE,1
"366","NullModel","1730504513",5,20,FALSE,FALSE,1
"367","NullModel","1730504540",5,20,FALSE,FALSE,1
"368","NullModel","1730504541",5,20,FALSE,FALSE,1
"369","NullModel","1730504547",5,20,FALSE,FALSE,1
"370","NullModel","1730504566",5,20,FALSE,FALSE,1
"371","NullModel","1730504601",5,20,FALSE,FALSE,1
"372","NullModel","1730504609",5,20,FALSE,FALSE,1
"373","NullModel","1730504632",5,20,FALSE,FALSE,1
"374","NullModel","1730504673",5,20,FALSE,FALSE,1
"375","NullModel","1730504689",5,20,FALSE,FALSE,1
"376","NullModel","1730504720",5,20,FALSE,FALSE,1
"377","NullModel","1730504726",5,20,FALSE,FALSE,1
"378","NullModel","1730504731",5,20,FALSE,FALSE,1
"379","NullModel","1730504742",5,20,FALSE,FALSE,1
"380","NullModel","1730504803",5,20,FALSE,FALSE,1
"381","NullModel","1730504818",5,20,FALSE,FALSE,1
"382","NullModel","1730504859",5,20,FALSE,FALSE,1
"383","NullModel","1730504885",5,20,FALSE,FALSE,1
"384","NullModel","1730504911",5,20,FALSE,FALSE,1
"385","NullModel","1730504921",5,20,FALSE,FALSE,1
"386","NullModel","1730505000",5,20,FALSE,FALSE,1
"387","NullModel","1730505006",5,20,FALSE,FALSE,1
"388","NullModel","1730505015",5,20,FALSE,FALSE,1
"389","NullModel","1730505023",5,20,FALSE,FALSE,1
"390","NullModel","1730505040",5,20,FALSE,FALSE,1
"391","NullModel","1730505041",5,20,FALSE,FALSE,1
"392","NullModel","1730505042",5,20,FALSE,FALSE,1
"393","NullModel","1730505043",5,20,FALSE,FALSE,1
"394","NullModel","1730505075",5,20,FALSE,FALSE,1
"395","NullModel","1730505109",5,20,FALSE,FALSE,1
"396","NullModel","1730505154",5,20,FALSE,FALSE,1
"397","NullModel","1730505182",5,20,FALSE,FALSE,1
"398","NullModel","1730505218",5,20,FALSE,FALSE,1
"399","NullModel","1730505240",5,20,FALSE,FALSE,1
"400","NullModel","1730505273",5,20,FALSE,FALSE,1
"401","NullModel","1730505277",5,20,FALSE,FALSE,1
"402","NullModel","1730505291",5,20,FALSE,FALSE,1
"403","NullModel","1730505298",5,20,FALSE,FALSE,1
"404","NullModel","1730505301",5,20,FALSE,FALSE,1
"405","NullModel","1730505363",5,20,FALSE,FALSE,1
"406","NullModel","1730505414",5,20,FALSE,FALSE,1
"407","NullModel","1730505421",5,20,FALSE,FALSE,1
"408","NullModel","1730505430",5,20,FALSE,FALSE,1
"409","NullModel","1730505475",5,20,FALSE,FALSE,1
"410","NullModel","1730505509",5,20,FALSE,FALSE,1
"411","NullModel","1730505520",5,20,FALSE,FALSE,1
"412","NullModel","1730505558",5,20,FALSE,FALSE,1
"413","NullModel","1730505590",5,20,FALSE,FALSE,1
"414","NullModel","1730505649",5,20,FALSE,FALSE,1
"415","NullModel","1730505726",5,20,FALSE,FALSE,1
"416","NullModel","1730505732",5,20,FALSE,FALSE,1
"417","NullModel","1730505806",5,20,FALSE,FALSE,1
"418","NullModel","1730505831",5,20,FALSE,FALSE,1
"419","NullModel","1730505836",5,20,FALSE,FALSE,1
"420","NullModel","1730505867",5,20,FALSE,FALSE,1
"421","NullModel","1730505906",5,20,FALSE,FALSE,1
"422","NullModel","1730505910",5,20,FALSE,FALSE,1
"423","NullModel","1730505920",5,20,FALSE,FALSE,1
"424","NullModel","1730505923",5,20,FALSE,FALSE,1
"425","NullModel","1730505937",5,20,FALSE,FALSE,1
"426","NullModel","1730505938",5,20,FALSE,FALSE,1
"427","NullModel","1730505945",5,20,FALSE,FALSE,1
"428","NullModel","1730505955",5,20,FALSE,FALSE,1
"429","NullModel","1730505960",5,20,FALSE,FALSE,1
"430","NullModel","1730505966",5,20,FALSE,FALSE,1
"431","NullModel","1730505973",5,20,FALSE,FALSE,1
"432","NullModel","1730505983",5,20,FALSE,FALSE,1
"433","NullModel","1730506002",5,20,FALSE,FALSE,1
"434","NullModel","1730506030",5,20,FALSE,FALSE,1
"435","NullModel","1730506096",5,20,FALSE,FALSE,1
"436","NullModel","1730506121",5,20,FALSE,FALSE,1
"437","NullModel","1730506132",5,20,FALSE,FALSE,1
"438","NullModel","1730506142",5,20,FALSE,FALSE,1
"439","NullModel","1730506145",5,20,FALSE,FALSE,1
"440","NullModel","1730506248",5,20,FALSE,FALSE,1
"441","NullModel","1730506254",5,20,FALSE,FALSE,1
"442","NullModel","1730506289",5,20,FALSE,FALSE,1
"443","NullModel","1730506311",5,20,FALSE,FALSE,1
"444","NullModel","1730506315",5,20,FALSE,FALSE,1
"445","NullModel","1730506317",5,20,FALSE,FALSE,1
"446","NullModel","1730506322",5,20,FALSE,FALSE,1
"447","NullModel","1730506333",5,20,FALSE,FALSE,1
"448","NullModel","1730506335",5,20,FALSE,FALSE,1
"449","NullModel","1730506339",5,20,FALSE,FALSE,1
"450","NullModel","1730506349",5,20,FALSE,FALSE,1
"451","NullModel","1730506359",5,20,FALSE,FALSE,1
"452","NullModel","1730506386",5,20,FALSE,FALSE,1
"453","NullModel","1730506411",5,20,FALSE,FALSE,1
"454","NullModel","1730506428",5,20,FALSE,FALSE,1
"455","NullModel","1730506436",5,20,FALSE,FALSE,1
"456","NullModel","1730506439",5,20,FALSE,FALSE,1
"457","NullModel","1730506443",5,20,FALSE,FALSE,1
"458","NullModel","1730506456",5,20,FALSE,FALSE,1
"459","NullModel","1730506504",5,20,FALSE,FALSE,1
"460","NullModel","1730506516",5,20,FALSE,FALSE,1
"461","NullModel","1730506519",5,20,FALSE,FALSE,1
"462","NullModel","1730506535",5,20,FALSE,FALSE,1
"463","NullModel","1730506590",5,20,FALSE,FALSE,1
"464","NullModel","1730506622",5,20,FALSE,FALSE,1
"465","NullModel","1730506632",5,20,FALSE,FALSE,1
"466","NullModel","1730506646",5,20,FALSE,FALSE,1
"467","NullModel","1730506656",5,20,FALSE,FALSE,1
"468","NullModel","1730506689",5,20,FALSE,FALSE,1
"469","NullModel","1730506692",5,20,FALSE,FALSE,1
"470","NullModel","1730506707",5,20,FALSE,FALSE,1
"471","NullModel","1730506712",5,20,FALSE,FALSE,1
"472","NullModel","1730506732",5,20,FALSE,FALSE,1
"473","NullModel","1730506735",5,20,FALSE,FALSE,1
"474","NullModel","1730506751",5,20,FALSE,FALSE,1
"475","NullModel","1730506769",5,20,FALSE,FALSE,1
"476","NullModel","1730506771",5,20,FALSE,FALSE,1
"477","NullModel","1730506801",5,20,FALSE,FALSE,1
"478","NullModel","1730506818",5,20,FALSE,FALSE,1
"479","NullModel","1730506822",5,20,FALSE,FALSE,1
"480","NullModel","1730506842",5,20,FALSE,FALSE,1
"481","NullModel","1730506851",5,20,FALSE,FALSE,1
"482","NullModel","1730506873",5,20,FALSE,FALSE,1
"483","NullModel","1730506878",5,20,FALSE,FALSE,1
"484","NullModel","1730506898",5,20,FALSE,FALSE,1
"485","NullModel","1730506926",5,20,FALSE,FALSE,1
"486","NullModel","1730506927",5,20,FALSE,FALSE,1
"487","NullModel","1730506933",5,20,FALSE,FALSE,1
"488","NullModel","1730506940",5,20,FALSE,FALSE,1
"489","NullModel","1730506960",5,20,FALSE,FALSE,1
"490","NullModel","1730506967",5,20,FALSE,FALSE,1
"491","NullModel","1730507029",5,20,FALSE,FALSE,1
"492","NullModel","1730507031",5,20,FALSE,FALSE,1
"493","NullModel","1730507056",5,20,FALSE,FALSE,1
"494","NullModel","1730507065",5,20,FALSE,FALSE,1
"495","NullModel","1730507067",5,20,FALSE,FALSE,1
"496","NullModel","1730507084",5,20,FALSE,FALSE,1
"497","NullModel","1730507104",5,20,FALSE,FALSE,1
"498","NullModel","1730507105",5,20,FALSE,FALSE,1
"499","NullModel","1730507109",5,20,FALSE,FALSE,1
"500","NullModel","1730507169",5,20,FALSE,FALSE,1
"501","NullModel","1730507196",5,20,FALSE,FALSE,1
"502","NullModel","1730507206",5,20,FALSE,FALSE,1
"503","NullModel","1730507218",5,20,FALSE,FALSE,1
"504","NullModel","1730507229",5,20,FALSE,FALSE,1
"505","NullModel","1730507242",5,20,FALSE,FALSE,1
"506","NullModel","1730507244",5,20,FALSE,FALSE,1
"507","NullModel","1730507261",5,20,FALSE,FALSE,1
"508","NullModel","1730507303",5,20,FALSE,FALSE,1
"509","NullModel","1730507308",5,20,FALSE,FALSE,1
"510","NullModel","1730507327",5,20,FALSE,FALSE,1
"511","NullModel","1730507356",5,20,FALSE,FALSE,1
"512","NullModel","1730507368",5,20,FALSE,FALSE,1
"513","NullModel","1730507449",5,20,FALSE,FALSE,1
"514","NullModel","1730507499",5,20,FALSE,FALSE,1
"515","NullModel","1730507502",5,20,FALSE,FALSE,1
"516","NullModel","1730507503",5,20,FALSE,FALSE,1
"517","NullModel","1730507553",5,20,FALSE,FALSE,1
"518","NullModel","1730507559",5,20,FALSE,FALSE,1
"519","NullModel","1730507560",5,20,FALSE,FALSE,1
"520","NullModel","1730507564",5,20,FALSE,FALSE,1
"521","NullModel","1730507566",5,20,FALSE,FALSE,1
"522","NullModel","1730507598",5,20,FALSE,FALSE,1
"523","NullModel","1730507616",5,20,FALSE,FALSE,1
"524","NullModel","1730507620",5,20,FALSE,FALSE,1
"525","NullModel","1730507643",5,20,FALSE,FALSE,1
"526","NullModel","1730507664",5,20,FALSE,FALSE,1
"527","NullModel","1730507690",5,20,FALSE,FALSE,1
"528","NullModel","1730507718",5,20,FALSE,FALSE,1
"529","NullModel","1730507736",5,20,FALSE,FALSE,1
"530","NullModel","1730507739",5,20,FALSE,FALSE,1
"531","NullModel","1730507790",5,20,FALSE,FALSE,1
"532","NullModel","1730507795",5,20,FALSE,FALSE,1
"533","NullModel","1730507802",5,20,FALSE,FALSE,1
"534","NullModel","1730507804",5,20,FALSE,FALSE,1
"535","NullModel","1730507855",5,20,FALSE,FALSE,1
"536","NullModel","1730507866",5,20,FALSE,FALSE,1
"537","NullModel","1730507871",5,20,FALSE,FALSE,1
"538","NullModel","1730507878",5,20,FALSE,FALSE,1
"539","NullModel","1730507885",5,20,FALSE,FALSE,1
"540","NullModel","1730507897",5,20,FALSE,FALSE,1
"541","NullModel","1730507899",5,20,FALSE,FALSE,1
"542","NullModel","1730507914",5,20,FALSE,FALSE,1
"543","NullModel","1730507916",5,20,FALSE,FALSE,1
"544","NullModel","1730507971",5,20,FALSE,FALSE,1
"545","NullModel","1730507976",5,20,FALSE,FALSE,1
"546","NullModel","1730507977",5,20,FALSE,FALSE,1
"547","NullModel","1730507988",5,20,FALSE,FALSE,1
"548","NullModel","1730508017",5,20,FALSE,FALSE,1
"549","NullModel","1730508061",5,20,FALSE,FALSE,1
"550","NullModel","1730508089",5,20,FALSE,FALSE,1
"551","NullModel","1730508098",5,20,FALSE,FALSE,1
"552","NullModel","1730508163",5,20,FALSE,FALSE,1
"553","NullModel","1730508180",5,20,FALSE,FALSE,1
"554","NullModel","1730508187",5,20,FALSE,FALSE,1
"555","NullModel","1730508199",5,20,FALSE,FALSE,1
"556","NullModel","1730508202",5,20,FALSE,FALSE,1
"557","NullModel","1730508223",5,20,FALSE,FALSE,1
"558","NullModel","1730508224",5,20,FALSE,FALSE,1
"559","NullModel","1730508229",5,20,FALSE,FALSE,1
"560","NullModel","1730508231",5,20,FALSE,FALSE,1
"561","NullModel","1730508263",5,20,FALSE,FALSE,1
"562","NullModel","1730508278",5,20,FALSE,FALSE,1
"563","NullModel","1730508279",5,20,FALSE,FALSE,1
"564","NullModel","1730508294",5,20,FALSE,FALSE,1
"565","NullModel","1730508295",5,20,FALSE,FALSE,1
"566","NullModel","1730508300",5,20,FALSE,FALSE,1
"567","NullModel","1730508302",5,20,FALSE,FALSE,1
"568","NullModel","1730508310",5,20,FALSE,FALSE,1
"569","NullModel","1730508326",5,20,FALSE,FALSE,1
"570","NullModel","1730508332",5,20,FALSE,FALSE,1
"571","NullModel","1730508333",5,20,FALSE,FALSE,1
"572","NullModel","1730508337",5,20,FALSE,FALSE,1
"573","NullModel","1730508359",5,20,FALSE,FALSE,1
"574","NullModel","1730508363",5,20,FALSE,FALSE,1
"575","NullModel","1730508365",5,20,FALSE,FALSE,1
"576","NullModel","1730508368",5,20,FALSE,FALSE,1
"577","NullModel","1730508389",5,20,FALSE,FALSE,1
"578","NullModel","1730508443",5,20,FALSE,FALSE,1
"579","NullModel","1730508450",5,20,FALSE,FALSE,1
"580","NullModel","1730508472",5,20,FALSE,FALSE,1
"581","NullModel","1730508473",5,20,FALSE,FALSE,1
"582","NullModel","1730508529",5,20,FALSE,FALSE,1
"583","NullModel","1730508564",5,20,FALSE,FALSE,1
"584","NullModel","1730508569",5,20,FALSE,FALSE,1
"585","NullModel","1730508576",5,20,FALSE,FALSE,1
"586","NullModel","1730508585",5,20,FALSE,FALSE,1
"587","NullModel","1730508597",5,20,FALSE,FALSE,1
"588","NullModel","1730508604",5,20,FALSE,FALSE,1
"589","NullModel","1730508615",5,20,FALSE,FALSE,1
"590","NullModel","1730508623",5,20,FALSE,FALSE,1
"591","NullModel","1730508630",5,20,FALSE,FALSE,1
"592","NullModel","1730508632",5,20,FALSE,FALSE,1
"593","NullModel","1730508638",5,20,FALSE,FALSE,1
"594","NullModel","1730508667",5,20,FALSE,FALSE,1
"595","NullModel","1730508675",5,20,FALSE,FALSE,1
"596","NullModel","1730508701",5,20,FALSE,FALSE,1
"597","NullModel","1730508726",5,20,FALSE,FALSE,1
"598","NullModel","1730508745",5,20,FALSE,FALSE,1
"599","NullModel","1730508759",5,20,FALSE,FALSE,1
"600","NullModel","1730508770",5,20,FALSE,FALSE,1
"601","NullModel","1730508807",5,20,FALSE,FALSE,1
"602","NullModel","1730508840",5,20,FALSE,FALSE,1
"603","NullModel","1730508854",5,20,FALSE,FALSE,1
"604","NullModel","1730508864",5,20,FALSE,FALSE,1
"605","NullModel","1730508882",5,20,FALSE,FALSE,1
"606","NullModel","1730508890",5,20,FALSE,FALSE,1
"607","NullModel","1730508904",5,20,FALSE,FALSE,1
"608","NullModel","1730508938",5,20,FALSE,FALSE,1
"609","NullModel","1730508958",5,20,FALSE,FALSE,1
"610","NullModel","1730509007",5,20,FALSE,FALSE,1
"611","NullModel","1730509047",5,20,FALSE,FALSE,1
"612","NullModel","1730509081",5,20,FALSE,FALSE,1
"613","NullModel","1730509094",5,20,FALSE,FALSE,1
"614","NullModel","1730509098",5,20,FALSE,FALSE,1
"615","NullModel","1730509128",5,20,FALSE,FALSE,1
"616","NullModel","1730509162",5,20,FALSE,FALSE,1
"617","NullModel","1730509188",5,20,FALSE,FALSE,1
"618","NullModel","1730509207",5,20,FALSE,FALSE,1
"619","NullModel","1730509213",5,20,FALSE,FALSE,1
"620","NullModel","1730509215",5,20,FALSE,FALSE,1
"621","NullModel","1730509230",5,20,FALSE,FALSE,1
"622","NullModel","1730509231",5,20,FALSE,FALSE,1
"623","NullModel","1730509232",5,20,FALSE,FALSE,1
"624","NullModel","1730509248",5,20,FALSE,FALSE,1
"625","NullModel","1730509253",5,20,FALSE,FALSE,1
"626","NullModel","1730509328",5,20,FALSE,FALSE,1
"627","NullModel","1730509339",5,20,FALSE,FALSE,1
"628","NullModel","1730509365",5,20,FALSE,FALSE,1
"629","NullModel","1730509366",5,20,FALSE,FALSE,1
"630","NullModel","1730509401",5,20,FALSE,FALSE,1
"631","NullModel","1730509431",5,20,FALSE,FALSE,1
"632","NullModel","1730509451",5,20,FALSE,FALSE,1
"633","NullModel","1730509452",5,20,FALSE,FALSE,1
"634","NullModel","1730509459",5,20,FALSE,FALSE,1
"635","NullModel","1730509482",5,20,FALSE,FALSE,1
"636","NullModel","1730509535",5,20,FALSE,FALSE,1
"637","NullModel","1730509537",5,20,FALSE,FALSE,1
"638","NullModel","1730509556",5,20,FALSE,FALSE,1
"639","NullModel","1730509573",5,20,FALSE,FALSE,1
"640","NullModel","1730509574",5,20,FALSE,FALSE,1
"641","NullModel","1730509622",5,20,FALSE,FALSE,1
"642","NullModel","1730509632",5,20,FALSE,FALSE,1
"643","NullModel","1730509642",5,20,FALSE,FALSE,1
"644","NullModel","1730509666",5,20,FALSE,FALSE,1
"645","NullModel","1730509683",5,20,FALSE,FALSE,1
"646","NullModel","1730509691",5,20,FALSE,FALSE,1
"647","NullModel","1730509693",5,20,FALSE,FALSE,1
"648","NullModel","1730509706",5,20,FALSE,FALSE,1
"649","NullModel","1730509713",5,20,FALSE,FALSE,1
"650","NullModel","1730509715",5,20,FALSE,FALSE,1
"651","NullModel","1730509724",5,20,FALSE,FALSE,1
"652","NullModel","1730509750",5,20,FALSE,FALSE,1
"653","NullModel","1730509766",5,20,FALSE,FALSE,1
"654","NullModel","1730509782",5,20,FALSE,FALSE,1
"655","NullModel","1730509784",5,20,FALSE,FALSE,1
"656","NullModel","1730509821",5,20,FALSE,FALSE,1
"657","NullModel","1730509826",5,20,FALSE,FALSE,1
"658","NullModel","1730509841",5,20,FALSE,FALSE,1
"659","NullModel","1730509854",5,20,FALSE,FALSE,1
"660","NullModel","1730509859",5,20,FALSE,FALSE,1
"661","NullModel","1730509908",5,20,FALSE,FALSE,1
"662","NullModel","1730509909",5,20,FALSE,FALSE,1
"663","NullModel","1730509933",5,20,FALSE,FALSE,1
"664","NullModel","1730509944",5,20,FALSE,FALSE,1
"665","NullModel","1730509945",5,20,FALSE,FALSE,1
"666","NullModel","1730509971",5,20,FALSE,FALSE,1
"667","NullModel","1730509978",5,20,FALSE,FALSE,1
"668","NullModel","1730510019",5,20,FALSE,FALSE,1
"669","NullModel","1730510050",5,20,FALSE,FALSE,1
"670","NullModel","1730510078",5,20,FALSE,FALSE,1
"671","NullModel","1730510108",5,20,FALSE,FALSE,1
"672","NullModel","1730510120",5,20,FALSE,FALSE,1
"673","NullModel","1730510133",5,20,FALSE,FALSE,1
"674","NullModel","1730510159",5,20,FALSE,FALSE,1
"675","NullModel","1730510161",5,20,FALSE,FALSE,1
"676","NullModel","1730510240",5,20,FALSE,FALSE,1
"677","NullModel","1730510246",5,20,FALSE,FALSE,1
"678","NullModel","1730510313",5,20,FALSE,FALSE,1
"679","NullModel","1730510318",5,20,FALSE,FALSE,1
"680","NullModel","1730510342",5,20,FALSE,FALSE,1
"681","NullModel","1730510354",5,20,FALSE,FALSE,1
"682","NullModel","1730510357",5,20,FALSE,FALSE,1
"683","NullModel","1730510364",5,20,FALSE,FALSE,1
"684","NullModel","1730510366",5,20,FALSE,FALSE,1
"685","NullModel","1730510389",5,20,FALSE,FALSE,1
"686","NullModel","1730510401",5,20,FALSE,FALSE,1
"687","NullModel","1730510402",5,20,FALSE,FALSE,1
"688","NullModel","1730510410",5,20,FALSE,FALSE,1
"689","NullModel","1730510457",5,20,FALSE,FALSE,1
"690","NullModel","1730510462",5,20,FALSE,FALSE,1
"691","NullModel","1730510481",5,20,FALSE,FALSE,1
"692","NullModel","1730510484",5,20,FALSE,FALSE,1
"693","NullModel","1730510499",5,20,FALSE,FALSE,1
"694","NullModel","1730510511",5,20,FALSE,FALSE,1
"695","NullModel","1730510517",5,20,FALSE,FALSE,1
"696","NullModel","1730510518",5,20,FALSE,FALSE,1
"697","NullModel","1730510545",5,20,FALSE,FALSE,1
"698","NullModel","1730510588",5,20,FALSE,FALSE,1
"699","NullModel","1730510617",5,20,FALSE,FALSE,1
"700","NullModel","1730510650",5,20,FALSE,FALSE,1
"701","NullModel","1730510669",5,20,FALSE,FALSE,1
"702","NullModel","1730510673",5,20,FALSE,FALSE,1
"703","NullModel","1730510690",5,20,FALSE,FALSE,1
"704","NullModel","1730510694",5,20,FALSE,FALSE,1
"705","NullModel","1730510710",5,20,FALSE,FALSE,1
"706","NullModel","1730510737",5,20,FALSE,FALSE,1
"707","NullModel","1730510757",5,20,FALSE,FALSE,1
"708","NullModel","1730510763",5,20,FALSE,FALSE,1
"709","NullModel","1730510788",5,20,FALSE,FALSE,1
"710","NullModel","1730510795",5,20,FALSE,FALSE,1
"711","NullModel","1730510818",5,20,FALSE,FALSE,1
"712","NullModel","1730510826",5,20,FALSE,FALSE,1
"713","NullModel","1730510830",5,20,FALSE,FALSE,1
"714","NullModel","1730510836",5,20,FALSE,FALSE,1
"715","NullModel","1730510838",5,20,FALSE,FALSE,1
"716","NullModel","1730510840",5,20,FALSE,FALSE,1
"717","NullModel","1730510856",5,20,FALSE,FALSE,1
"718","NullModel","1730510884",5,20,FALSE,FALSE,1
"719","NullModel","1730510935",5,20,FALSE,FALSE,1
"720","NullModel","1730510936",5,20,FALSE,FALSE,1
"721","NullModel","1730510950",5,20,FALSE,FALSE,1
"722","NullModel","1730510959",5,20,FALSE,FALSE,1
"723","NullModel","1730510968",5,20,FALSE,FALSE,1
"724","NullModel","1730510976",5,20,FALSE,FALSE,1
"725","NullModel","1730510999",5,20,FALSE,FALSE,1
"726","NullModel","1730511003",5,20,FALSE,FALSE,1
"727","NullModel","1730511006",5,20,FALSE,FALSE,1
"728","NullModel","1730511040",5,20,FALSE,FALSE,1
"729","NullModel","1730511053",5,20,FALSE,FALSE,1
"730","NullModel","1730511092",5,20,FALSE,FALSE,1
"731","NullModel","1730511106",5,20,FALSE,FALSE,1
"732","NullModel","1730511133",5,20,FALSE,FALSE,1
"733","NullModel","1730511169",5,20,FALSE,FALSE,1
"734","NullModel","1730511182",5,20,FALSE,FALSE,1
"735","NullModel","1730511202",5,20,FALSE,FALSE,1
"736","NullModel","1730511207",5,20,FALSE,FALSE,1
"737","NullModel","1730511231",5,20,FALSE,FALSE,1
"738","NullModel","1730511236",5,20,FALSE,FALSE,1
"739","NullModel","1730511278",5,20,FALSE,FALSE,1
"740","NullModel","1730511290",5,20,FALSE,FALSE,1
"741","NullModel","1730511329",5,20,FALSE,FALSE,1
"742","NullModel","1730511385",5,20,FALSE,FALSE,1
"743","NullModel","1730511396",5,20,FALSE,FALSE,1
"744","NullModel","1730511452",5,20,FALSE,FALSE,1
"745","NullModel","1730511470",5,20,FALSE,FALSE,1
"746","NullModel","1730511485",5,20,FALSE,FALSE,1
"747","NullModel","1730511527",5,20,FALSE,FALSE,1
"748","NullModel","1730511535",5,20,FALSE,FALSE,1
"749","NullModel","1730511559",5,20,FALSE,FALSE,1
"750","NullModel","1730511566",5,20,FALSE,FALSE,1
"751","NullModel","1730511642",5,20,FALSE,FALSE,1
"752","NullModel","1730511666",5,20,FALSE,FALSE,1
"753","NullModel","1730511693",5,20,FALSE,FALSE,1
"754","NullModel","1730511701",5,20,FALSE,FALSE,1
"755","NullModel","1730511717",5,20,FALSE,FALSE,1
"756","NullModel","1730511732",5,20,FALSE,FALSE,1
"757","NullModel","1730511767",5,20,FALSE,FALSE,1
"758","NullModel","1730511793",5,20,FALSE,FALSE,1
"759","NullModel","1730511802",5,20,FALSE,FALSE,1
"760","NullModel","1730511819",5,20,FALSE,FALSE,1
"761","NullModel","1730511864",5,20,FALSE,FALSE,1
"762","NullModel","1730511866",5,20,FALSE,FALSE,1
"763","NullModel","1730511886",5,20,FALSE,FALSE,1
"764","NullModel","1730511925",5,20,FALSE,FALSE,1
"765","NullModel","1730511944",5,20,FALSE,FALSE,1
"766","NullModel","1730511974",5,20,FALSE,FALSE,1
"767","NullModel","1730511982",5,20,FALSE,FALSE,1
"768","NullModel","1730512035",5,20,FALSE,FALSE,1
"769","NullModel","1730512055",5,20,FALSE,FALSE,1
"770","NullModel","1730512071",5,20,FALSE,FALSE,1
"771","NullModel","1730512119",5,20,FALSE,FALSE,1
"772","NullModel","1730512183",5,20,FALSE,FALSE,1
"773","NullModel","1730512203",5,20,FALSE,FALSE,1
"774","NullModel","1730512212",5,20,FALSE,FALSE,1
"775","NullModel","1730512242",5,20,FALSE,FALSE,1
"776","NullModel","1730512252",5,20,FALSE,FALSE,1
"777","NullModel","1730512260",5,20,FALSE,FALSE,1
"778","NullModel","1730512293",5,20,FALSE,FALSE,1
"779","NullModel","1730512295",5,20,FALSE,FALSE,1
"780","NullModel","1730512325",5,20,FALSE,FALSE,1
"781","NullModel","1730512370",5,20,FALSE,FALSE,1
"782","NullModel","1730512379",5,20,FALSE,FALSE,1
"783","NullModel","1730512410",5,20,FALSE,FALSE,1
"784","NullModel","1730512486",5,20,FALSE,FALSE,1
"785","NullModel","1730512524",5,20,FALSE,FALSE,1
"786","NullModel","1730512528",5,20,FALSE,FALSE,1
"787","NullModel","1730512568",5,20,FALSE,FALSE,1
"788","NullModel","1730512614",5,20,FALSE,FALSE,1
"789","NullModel","1730512657",5,20,FALSE,FALSE,1
"790","NullModel","1730512674",5,20,FALSE,FALSE,1
"791","NullModel","1730512684",5,20,FALSE,FALSE,1
"792","NullModel","1730512758",5,20,FALSE,FALSE,1
"793","NullModel","1730512767",5,20,FALSE,FALSE,1
"794","NullModel","1730512788",5,20,FALSE,FALSE,1
"795","NullModel","1730512796",5,20,FALSE,FALSE,1
"796","NullModel","1730512832",5,20,FALSE,FALSE,1
"797","NullModel","1730512842",5,20,FALSE,FALSE,1
"798","NullModel","1730512906",5,20,FALSE,FALSE,1
"799","NullModel","1730512924",5,20,FALSE,FALSE,1
"800","NullModel","1730513006",5,20,FALSE,FALSE,1
"801","NullModel","1730513007",5,20,FALSE,FALSE,1
"802","NullModel","1730513009",5,20,FALSE,FALSE,1
"803","NullModel","1730513030",5,20,FALSE,FALSE,1
"804","NullModel","1730513098",5,20,FALSE,FALSE,1
"805","NullModel","1730513115",5,20,FALSE,FALSE,1
"806","NullModel","1730513136",5,20,FALSE,FALSE,1
"807","NullModel","1730513171",5,20,FALSE,FALSE,1
"808","NullModel","1730513223",5,20,FALSE,FALSE,1
"809","NullModel","1730513273",5,20,FALSE,FALSE,1
"810","NullModel","1730513304",5,20,FALSE,FALSE,1
"811","NullModel","1730513340",5,20,FALSE,FALSE,1
"812","NullModel","1730513406",5,20,FALSE,FALSE,1
"813","NullModel","1730513410",5,20,FALSE,FALSE,1
"814","NullModel","1730513426",5,20,FALSE,FALSE,1
"815","NullModel","1730513517",5,20,FALSE,FALSE,1
"816","NullModel","1730513574",5,20,FALSE,FALSE,1
"817","NullModel","1730513601",5,20,FALSE,FALSE,1
"818","NullModel","1730513638",5,20,FALSE,FALSE,1
"819","NullModel","1730513698",5,20,FALSE,FALSE,1
"820","NullModel","1730513801",5,20,FALSE,FALSE,1
"821","NullModel","1730513828",5,20,FALSE,FALSE,1
"822","NullModel","1730513858",5,20,FALSE,FALSE,1
"823","NullModel","1730513969",5,20,FALSE,FALSE,1
"824","NullModel","1730514023",5,20,FALSE,FALSE,1
"825","NullModel","1730514031",5,20,FALSE,FALSE,1
"826","NullModel","1730514051",5,20,FALSE,FALSE,1
"827","NullModel","1730514056",5,20,FALSE,FALSE,1
"828","NullModel","1730514151",5,20,FALSE,FALSE,1
"829","NullModel","1730514161",5,20,FALSE,FALSE,1
"830","NullModel","1730514171",5,20,FALSE,FALSE,1
"831","NullModel","1730514220",5,20,FALSE,FALSE,1
"832","NullModel","1730514260",5,20,FALSE,FALSE,1
"833","NullModel","1730514269",5,20,FALSE,FALSE,1
"834","NullModel","1730514343",5,20,FALSE,FALSE,1
"835","NullModel","1730514384",5,20,FALSE,FALSE,1
"836","NullModel","1730514443",5,20,FALSE,FALSE,1
"837","NullModel","1730514445",5,20,FALSE,FALSE,1
"838","NullModel","1730514469",5,20,FALSE,FALSE,1
"839","NullModel","1730514692",5,20,FALSE,FALSE,1
"840","NullModel","1730514765",5,20,FALSE,FALSE,1
"841","NullModel","1730514814",5,20,FALSE,FALSE,1
"842","NullModel","1730514936",5,20,FALSE,FALSE,1
"843","NullModel","1730515210",5,20,FALSE,FALSE,1
"844","NullModel","1730515351",5,20,FALSE,FALSE,1
"845","NullModel","1730515385",5,20,FALSE,FALSE,1
"846","NullModel","1730515533",5,20,FALSE,FALSE,1
"847","NullModel","1730515797",5,20,FALSE,FALSE,1
"848","NullModel","1730516047",5,20,FALSE,FALSE,1
"849","NullModel","1730516127",5,20,FALSE,FALSE,1
"850","NullModel","1730516128",5,20,FALSE,FALSE,1
"851","NullModel","1730516233",5,20,FALSE,FALSE,1
"852","NullModel","1730516248",5,20,FALSE,FALSE,1
"853","NullModel","1730516257",5,20,FALSE,FALSE,1
"854","NullModel","1730516258",5,20,FALSE,FALSE,1
"855","NullModel","1730516364",5,20,FALSE,FALSE,1
"856","NullModel","1730516707",5,20,FALSE,FALSE,1
"857","NullModel","1730516870",5,20,FALSE,FALSE,1
"858","NullModel","1730517034",5,20,FALSE,FALSE,1
"859","NullModel","1730517104",5,20,FALSE,FALSE,1
"860","NullModel","1730517365",5,20,FALSE,FALSE,1
"861","NullModel","1730517442",5,20,FALSE,FALSE,1
"862","NullModel","1730517468",5,20,FALSE,FALSE,1
"863","NullModel","1730517505",5,20,FALSE,FALSE,1
"864","NullModel","1730517531",5,20,FALSE,FALSE,1
"865","NullModel","1730517899",5,20,FALSE,FALSE,1
"866","NullModel","1730517919",5,20,FALSE,FALSE,1
"867","NullModel","1730517946",5,20,FALSE,FALSE,1
"868","NullModel","1730517959",5,20,FALSE,FALSE,1
"869","NullModel","1730517966",5,20,FALSE,FALSE,1
"870","NullModel","1730517980",5,20,FALSE,FALSE,1
"871","NullModel","1730518050",5,20,FALSE,FALSE,1
"872","NullModel","1730518188",5,20,FALSE,FALSE,1
"873","NullModel","1730518291",5,20,FALSE,FALSE,1
"874","NullModel","1730518321",5,20,FALSE,FALSE,1
"875","NullModel","1730518420",5,20,FALSE,FALSE,1
"876","NullModel","1730518574",5,20,FALSE,FALSE,1
"877","NullModel","1730518596",5,20,FALSE,FALSE,1
"878","NullModel","1730518663",5,20,FALSE,FALSE,1
"879","NullModel","1730518703",5,20,FALSE,FALSE,1
"880","NullModel","1730518772",5,20,FALSE,FALSE,1
"881","NullModel","1730518773",5,20,FALSE,FALSE,1
"882","NullModel","1730518960",5,20,FALSE,FALSE,1
"883","NullModel","1730519057",5,20,FALSE,FALSE,1
"884","NullModel","1730519071",5,20,FALSE,FALSE,1
"885","NullModel","1730519112",5,20,FALSE,FALSE,1
"886","NullModel","1730519116",5,20,FALSE,FALSE,1
"887","NullModel","1730519137",5,20,FALSE,FALSE,1
"888","NullModel","1730519167",5,20,FALSE,FALSE,1
"889","NullModel","1730519275",5,20,FALSE,FALSE,1
"890","NullModel","1730519457",5,20,FALSE,FALSE,1
"891","NullModel","1730519504",5,20,FALSE,FALSE,1
"892","NullModel","1730519522",5,20,FALSE,FALSE,1
"893","NullModel","1730519530",5,20,FALSE,FALSE,1
"894","NullModel","1730519679",5,20,FALSE,FALSE,1
"895","NullModel","1730519915",5,20,FALSE,FALSE,1
"896","NullModel","1730520054",5,20,FALSE,FALSE,1
"897","NullModel","1730520086",5,20,FALSE,FALSE,1
"898","NullModel","1730520351",5,20,FALSE,FALSE,1
"899","NullModel","1730520422",5,20,FALSE,FALSE,1
"900","NullModel","1730520492",5,20,FALSE,FALSE,1
"901","NullModel","1730520525",5,20,FALSE,FALSE,1
"902","NullModel","1730520607",5,20,FALSE,FALSE,1
"903","NullModel","1730520646",5,20,FALSE,FALSE,1
"904","NullModel","1730520652",5,20,FALSE,FALSE,1
"905","NullModel","1730520709",5,20,FALSE,FALSE,1
"906","NullModel","1730520769",5,20,FALSE,FALSE,1
"907","NullModel","1730520787",5,20,FALSE,FALSE,1
"908","NullModel","1730520793",5,20,FALSE,FALSE,1
"909","NullModel","1730520799",5,20,FALSE,FALSE,1
"910","NullModel","1730520801",5,20,FALSE,FALSE,1
"911","NullModel","1730520873",5,20,FALSE,FALSE,1
"912","NullModel","1730520927",5,20,FALSE,FALSE,1
"913","NullModel","1730521150",5,20,FALSE,FALSE,1
"914","NullModel","1730521226",5,20,FALSE,FALSE,1
"915","NullModel","1730521227",5,20,FALSE,FALSE,1
"916","NullModel","1730521237",5,20,FALSE,FALSE,1
"917","NullModel","1730521294",5,20,FALSE,FALSE,1
"918","NullModel","1730521331",5,20,FALSE,FALSE,1
"919","NullModel","1730521432",5,20,FALSE,FALSE,1
"920","NullModel","1730521437",5,20,FALSE,FALSE,1
"921","NullModel","1730521528",5,20,FALSE,FALSE,1
"922","NullModel","1730521646",5,20,FALSE,FALSE,1
"923","NullModel","1730521653",5,20,FALSE,FALSE,1
"924","NullModel","1730521695",5,20,FALSE,FALSE,1
"925","NullModel","1730521728",5,20,FALSE,FALSE,1
"926","NullModel","1730521739",5,20,FALSE,FALSE,1
"927","NullModel","1730521741",5,20,FALSE,FALSE,1
"928","NullModel","1730521768",5,20,FALSE,FALSE,1
"929","NullModel","1730521770",5,20,FALSE,FALSE,1
"930","NullModel","1730521866",5,20,FALSE,FALSE,1
"931","NullModel","1730521904",5,20,FALSE,FALSE,1
"932","NullModel","1730522014",5,20,FALSE,FALSE,1
"933","NullModel","1730522056",5,20,FALSE,FALSE,1
"934","NullModel","1730522084",5,20,FALSE,FALSE,1
"935","NullModel","1730522102",5,20,FALSE,FALSE,1
"936","NullModel","1730522125",5,20,FALSE,FALSE,1
"937","NullModel","1730522202",5,20,FALSE,FALSE,1
"938","NullModel","1730522236",5,20,FALSE,FALSE,1
"939","NullModel","1730522312",5,20,FALSE,FALSE,1
"940","NullModel","1730522353",5,20,FALSE,FALSE,1
"941","NullModel","1730522468",5,20,FALSE,FALSE,1
"942","NullModel","1730522628",5,20,FALSE,FALSE,1
"943","NullModel","1730522714",5,20,FALSE,FALSE,1
"944","NullModel","1730522752",5,20,FALSE,FALSE,1
"945","NullModel","1730522763",5,20,FALSE,FALSE,1
"946","NullModel","1730522769",5,20,FALSE,FALSE,1
"947","NullModel","1730522849",5,20,FALSE,FALSE,1
"948","NullModel","1730522864",5,20,FALSE,FALSE,1
"949","NullModel","1730523124",5,20,FALSE,FALSE,1
"950","NullModel","1730523178",5,20,FALSE,FALSE,1
"951","NullModel","1730523213",5,20,FALSE,FALSE,1
"952","NullModel","1730523253",5,20,FALSE,FALSE,1
"953","NullModel","1730523409",5,20,FALSE,FALSE,1
"954","NullModel","1730523412",5,20,FALSE,FALSE,1
"955","NullModel","1730523477",5,20,FALSE,FALSE,1
"956","NullModel","1730523628",5,20,FALSE,FALSE,1
"957","NullModel","1730523722",5,20,FALSE,FALSE,1
"958","NullModel","1730523796",5,20,FALSE,FALSE,1
"959","NullModel","1730523854",5,20,FALSE,FALSE,1
"960","NullModel","1730523906",5,20,FALSE,FALSE,1
"961","NullModel","1730524021",5,20,FALSE,FALSE,1
"962","NullModel","1730524077",5,20,FALSE,FALSE,1
"963","NullModel","1730524104",5,20,FALSE,FALSE,1
"964","NullModel","1730524194",5,20,FALSE,FALSE,1
"965","NullModel","1730524208",5,20,FALSE,FALSE,1
"966","NullModel","1730524211",5,20,FALSE,FALSE,1
"967","NullModel","1730524463",5,20,FALSE,FALSE,1
"968","NullModel","1730524524",5,20,FALSE,FALSE,1
"969","NullModel","1730524708",5,20,FALSE,FALSE,1
"970","NullModel","1730524771",5,20,FALSE,FALSE,1
"971","NullModel","1730524956",5,20,FALSE,FALSE,1
"972","NullModel","1730525057",5,20,FALSE,FALSE,1
"973","NullModel","1730525135",5,20,FALSE,FALSE,1
"974","NullModel","1730525171",5,20,FALSE,FALSE,1
"975","NullModel","1730525174",5,20,FALSE,FALSE,1
"976","NullModel","1730525303",5,20,FALSE,FALSE,1
"977","NullModel","1730525324",5,20,FALSE,FALSE,1
"978","NullModel","1730525337",5,20,FALSE,FALSE,1
"979","NullModel","1730525465",5,20,FALSE,FALSE,1
"980","NullModel","1730525601",5,20,FALSE,FALSE,1
"981","NullModel","1730525660",5,20,FALSE,FALSE,1
"982","NullModel","1730525685",5,20,FALSE,FALSE,1
"983","NullModel","1730525701",5,20,FALSE,FALSE,1
"984","NullModel","1730525717",5,20,FALSE,FALSE,1
"985","NullModel","1730525854",5,20,FALSE,FALSE,1
"986","NullModel","1730525870",5,20,FALSE,FALSE,1
"987","NullModel","1730525961",5,20,FALSE,FALSE,1
"988","NullModel","1730526015",5,20,FALSE,FALSE,1
"989","NullModel","1730526067",5,20,FALSE,FALSE,1
"990","NullModel","1730526074",5,20,FALSE,FALSE,1
"991","NullModel","1730526171",5,20,FALSE,FALSE,1
"992","NullModel","1730526210",5,20,FALSE,FALSE,1
"993","NullModel","1730526311",5,20,FALSE,FALSE,1
"994","NullModel","1730526346",5,20,FALSE,FALSE,1
"995","NullModel","1730526492",5,20,FALSE,FALSE,1
"996","NullModel","1730526523",5,20,FALSE,FALSE,1
"997","NullModel","1730526644",5,20,FALSE,FALSE,1
"998","NullModel","1730526663",5,20,FALSE,FALSE,1
"999","NullModel","1730526690",5,20,FALSE,FALSE,1
"1000","NullModel","1730526795",5,20,FALSE,FALSE,1
"1001","NullModel","1730526851",5,20,FALSE,FALSE,1
"1002","NullModel","1730526884",5,20,FALSE,FALSE,1
"1003","NullModel","1730526962",5,20,FALSE,FALSE,1
"1004","NullModel","1730526996",5,20,FALSE,FALSE,1
"1005","NullModel","1730527021",5,20,FALSE,FALSE,1
"1006","NullModel","1730527039",5,20,FALSE,FALSE,1
"1007","NullModel","1730527116",5,20,FALSE,FALSE,1
"1008","NullModel","1730527117",5,20,FALSE,FALSE,1
"1009","NullModel","1730527224",5,20,FALSE,FALSE,1
"1010","NullModel","1730527231",5,20,FALSE,FALSE,1
"1011","NullModel","1730527243",5,20,FALSE,FALSE,1
"1012","NullModel","1730527285",5,20,FALSE,FALSE,1
"1013","NullModel","1730527339",5,20,FALSE,FALSE,1
"1014","NullModel","1730527421",5,20,FALSE,FALSE,1
"1015","NullModel","1730527463",5,20,FALSE,FALSE,1
"1016","NullModel","1730527476",5,20,FALSE,FALSE,1
"1017","NullModel","1730527582",5,20,FALSE,FALSE,1
"1018","NullModel","1730527646",5,20,FALSE,FALSE,1
"1019","NullModel","1730527768",5,20,FALSE,FALSE,1
"1020","NullModel","1730527774",5,20,FALSE,FALSE,1
"1021","NullModel","1730527806",5,20,FALSE,FALSE,1
"1022","NullModel","1730527834",5,20,FALSE,FALSE,1
"1023","NullModel","1730527871",5,20,FALSE,FALSE,1
"1024","NullModel","1730528083",5,20,FALSE,FALSE,1
"1025","NullModel","1730528101",5,20,FALSE,FALSE,1
"1026","NullModel","1730528165",5,20,FALSE,FALSE,1
"1027","NullModel","1730528203",5,20,FALSE,FALSE,1
"1028","NullModel","1730528274",5,20,FALSE,FALSE,1
"1029","NullModel","1730528359",5,20,FALSE,FALSE,1
"1030","NullModel","1730528683",5,20,FALSE,FALSE,1
"1031","NullModel","1730528733",5,20,FALSE,FALSE,1
"1032","NullModel","1730528800",5,20,FALSE,FALSE,1
"1033","NullModel","1730528834",5,20,FALSE,FALSE,1
"1034","NullModel","1730528894",5,20,FALSE,FALSE,1
"1035","NullModel","1730528954",5,20,FALSE,FALSE,1
"1036","NullModel","1730528980",5,20,FALSE,FALSE,1
"1037","NullModel","1730529018",5,20,FALSE,FALSE,1
"1038","NullModel","1730529082",5,20,FALSE,FALSE,1
"1039","NullModel","1730529119",5,20,FALSE,FALSE,1
"1040","NullModel","1730529236",5,20,FALSE,FALSE,1
"1041","NullModel","1730529332",5,20,FALSE,FALSE,1
"1042","NullModel","1730529354",5,20,FALSE,FALSE,1
"1043","NullModel","1730529458",5,20,FALSE,FALSE,1
"1044","NullModel","1730529505",5,20,FALSE,FALSE,1
"1045","NullModel","1730529619",5,20,FALSE,FALSE,1
"1046","NullModel","1730529717",5,20,FALSE,FALSE,1
"1047","NullModel","1730529790",5,20,FALSE,FALSE,1
"1048","NullModel","1730529879",5,20,FALSE,FALSE,1
"1049","NullModel","1730529894",5,20,FALSE,FALSE,1
"1050","NullModel","1730530092",5,20,FALSE,FALSE,1
"1051","NullModel","1730530171",5,20,FALSE,FALSE,1
"1052","NullModel","1730530337",5,20,FALSE,FALSE,1
"1053","NullModel","1730530418",5,20,FALSE,FALSE,1
"1054","NullModel","1730530438",5,20,FALSE,FALSE,1
"1055","NullModel","1730530536",5,20,FALSE,FALSE,1
"1056","NullModel","1730530678",5,20,FALSE,FALSE,1
"1057","NullModel","1730530721",5,20,FALSE,FALSE,1
"1058","NullModel","1730530829",5,20,FALSE,FALSE,1
"1059","NullModel","1730531017",5,20,FALSE,FALSE,1
"1060","NullModel","1730531038",5,20,FALSE,FALSE,1
"1061","NullModel","1730531060",5,20,FALSE,FALSE,1
"1062","NullModel","1730531065",5,20,FALSE,FALSE,1
"1063","NullModel","1730531090",5,20,FALSE,FALSE,1
"1064","NullModel","1730531160",5,20,FALSE,FALSE,1
"1065","NullModel","1730531289",5,20,FALSE,FALSE,1
"1066","NullModel","1730531405",5,20,FALSE,FALSE,1
"1067","NullModel","1730531415",5,20,FALSE,FALSE,1
"1068","NullModel","1730531514",5,20,FALSE,FALSE,1
"1069","NullModel","1730531840",5,20,FALSE,FALSE,1
"1070","NullModel","1730532012",5,20,FALSE,FALSE,1
"1071","NullModel","1730532062",5,20,FALSE,FALSE,1
"1072","NullModel","1730532208",5,20,FALSE,FALSE,1
